{"cameraMode":{"drawMode":0,"name":"Shaded","section":"Shading Mode"},"sceneLighting":true,"audioPlay":false,"sceneViewState":{"m_AlwaysRefresh":false,"showFog":true,"showSkybox":true,"showFlares":true,"showImageEffects":true,"showParticleSystems":true,"showVisualEffectGraphs":true,"m_FxEnabled":true},"in2DMode":false,"pivot":{"x":0.03131727874279022,"y":0.6775926351547241,"z":2.7067275047302248},"rotation":{"x":0.13913585245609284,"y":-0.05651450157165527,"z":0.008006478659808636,"w":0.9887109398841858},"size":0.39440518617630007,"orthographic":false}